in:WWR N-W,in:WWR S-E,in:SHGC N-W,in:SHGC S-E,in:EXT SHADING N-W,in:EXT SHADING S-E,out:EUI (kWh/m2/yr),out:PEAK COOLING (kW),out:PEAK HEATING (kW),out:Thermal Comfort (%),out:sDA (Area %),img
0.3,0.3,g33,g25,0,0,78.636,303.115442,180.768229,96.495726,87.59202,WWRN-W0.3_WWRS-E0.3_SHGCN-Wg33_SHGCS-Eg25_EXTSHADINGN-W0_EXTSHADINGS-E0_Perspective.png
0.4,0.3,g33,g25,0,0,79.392,327.819859,183.831474,96.44472,94.983628,WWRN-W0.4_WWRS-E0.3_SHGCN-Wg33_SHGCS-Eg25_EXTSHADINGN-W0_EXTSHADINGS-E0_Perspective.png
0.5,0.3,g33,g25,0,0,80.227,352.993931,186.848292,96.437827,94.999377,WWRN-W0.5_WWRS-E0.3_SHGCN-Wg33_SHGCS-Eg25_EXTSHADINGN-W0_EXTSHADINGS-E0_Perspective.png
0.3,0.4,g33,g25,0,0,79.262,329.409204,184.299351,96.498484,89.61325,WWRN-W0.3_WWRS-E0.4_SHGCN-Wg33_SHGCS-Eg25_EXTSHADINGN-W0_EXTSHADINGS-E0_Perspective.png
0.4,0.4,g33,g25,0,0,80.038,354.008343,187.360775,96.458506,97.229772,WWRN-W0.4_WWRS-E0.4_SHGCN-Wg33_SHGCS-Eg25_EXTSHADINGN-W0_EXTSHADINGS-E0_Perspective.png
0.5,0.4,g33,g25,0,0,80.885,379.207002,190.337333,96.440585,97.094458,WWRN-W0.5_WWRS-E0.4_SHGCN-Wg33_SHGCS-Eg25_EXTSHADINGN-W0_EXTSHADINGS-E0_Perspective.png
0.3,0.5,g33,g25,0,0,79.995,356.013141,187.707564,96.470913,89.546788,WWRN-W0.3_WWRS-E0.5_SHGCN-Wg33_SHGCS-Eg25_EXTSHADINGN-W0_EXTSHADINGS-E0_Perspective.png
0.4,0.5,g33,g25,0,0,80.787,380.483901,190.726015,96.437827,97.155026,WWRN-W0.4_WWRS-E0.5_SHGCN-Wg33_SHGCS-Eg25_EXTSHADINGN-W0_EXTSHADINGS-E0_Perspective.png
0.5,0.5,g33,g25,0,0,81.646,405.79284,193.719772,96.426799,97.202323,WWRN-W0.5_WWRS-E0.5_SHGCN-Wg33_SHGCS-Eg25_EXTSHADINGN-W0_EXTSHADINGS-E0_Perspective.png
0.3,0.3,g45,g25,0,0,78.514,296.851401,180.768229,96.506755,87.59202,WWRN-W0.3_WWRS-E0.3_SHGCN-Wg45_SHGCS-Eg25_EXTSHADINGN-W0_EXTSHADINGS-E0_Perspective.png
0.4,0.3,g45,g25,0,0,79.232,319.668328,183.831474,96.459884,94.983628,WWRN-W0.4_WWRS-E0.3_SHGCN-Wg45_SHGCS-Eg25_EXTSHADINGN-W0_EXTSHADINGS-E0_Perspective.png
0.5,0.3,g45,g25,0,0,80.025,343.225356,186.848292,96.451613,94.999377,WWRN-W0.5_WWRS-E0.3_SHGCN-Wg45_SHGCS-Eg25_EXTSHADINGN-W0_EXTSHADINGS-E0_Perspective.png
0.3,0.4,g45,g25,0,0,79.131,322.700104,184.299351,96.503998,89.61325,WWRN-W0.3_WWRS-E0.4_SHGCN-Wg45_SHGCS-Eg25_EXTSHADINGN-W0_EXTSHADINGS-E0_Perspective.png
0.4,0.4,g45,g25,0,0,79.869,345.568784,187.360775,96.472291,97.229772,WWRN-W0.4_WWRS-E0.4_SHGCN-Wg45_SHGCS-Eg25_EXTSHADINGN-W0_EXTSHADINGS-E0_Perspective.png
0.5,0.4,g45,g25,0,0,80.675,368.905526,190.337333,96.450234,97.094458,WWRN-W0.5_WWRS-E0.4_SHGCN-Wg45_SHGCS-Eg25_EXTSHADINGN-W0_EXTSHADINGS-E0_Perspective.png
0.3,0.5,g45,g25,0,0,79.856,348.88443,187.707564,96.488834,89.546788,WWRN-W0.3_WWRS-E0.5_SHGCN-Wg45_SHGCS-Eg25_EXTSHADINGN-W0_EXTSHADINGS-E0_Perspective.png
0.4,0.5,g45,g25,0,0,80.604,371.60008,190.726015,96.452991,97.155026,WWRN-W0.4_WWRS-E0.5_SHGCN-Wg45_SHGCS-Eg25_EXTSHADINGN-W0_EXTSHADINGS-E0_Perspective.png
0.5,0.5,g45,g25,0,0,81.431,395.103683,193.719772,96.437827,97.202323,WWRN-W0.5_WWRS-E0.5_SHGCN-Wg45_SHGCS-Eg25_EXTSHADINGN-W0_EXTSHADINGS-E0_Perspective.png
0.3,0.3,g55,g25,0,0,78.266,283.533058,180.768229,96.552247,87.59202,WWRN-W0.3_WWRS-E0.3_SHGCN-Wg55_SHGCS-Eg25_EXTSHADINGN-W0_EXTSHADINGS-E0_Perspective.png
0.4,0.3,g55,g25,0,0,78.893,302.583023,183.831474,96.499862,94.983628,WWRN-W0.4_WWRS-E0.3_SHGCN-Wg55_SHGCS-Eg25_EXTSHADINGN-W0_EXTSHADINGS-E0_Perspective.png
0.5,0.3,g55,g25,0,0,79.591,322.396076,186.848292,96.476427,94.999377,WWRN-W0.5_WWRS-E0.3_SHGCN-Wg55_SHGCS-Eg25_EXTSHADINGN-W0_EXTSHADINGS-E0_Perspective.png
0.3,0.4,g55,g25,0,0,78.863,308.18154,184.299351,96.527433,89.61325,WWRN-W0.3_WWRS-E0.4_SHGCN-Wg55_SHGCS-Eg25_EXTSHADINGN-W0_EXTSHADINGS-E0_Perspective.png
0.4,0.4,g55,g25,0,0,79.509,327.431259,187.360775,96.501241,97.229772,WWRN-W0.4_WWRS-E0.4_SHGCN-Wg55_SHGCS-Eg25_EXTSHADINGN-W0_EXTSHADINGS-E0_Perspective.png
0.5,0.4,g55,g25,0,0,80.22,347.070715,190.337333,96.486077,97.094458,WWRN-W0.5_WWRS-E0.4_SHGCN-Wg55_SHGCS-Eg25_EXTSHADINGN-W0_EXTSHADINGS-E0_Perspective.png
0.3,0.5,g55,g25,0,0,79.567,333.441275,187.707564,96.52054,89.546788,WWRN-W0.3_WWRS-E0.5_SHGCN-Wg55_SHGCS-Eg25_EXTSHADINGN-W0_EXTSHADINGS-E0_Perspective.png
0.4,0.5,g55,g25,0,0,80.22,352.582159,190.726015,96.491591,97.155026,WWRN-W0.4_WWRS-E0.5_SHGCN-Wg55_SHGCS-Eg25_EXTSHADINGN-W0_EXTSHADINGS-E0_Perspective.png
0.5,0.5,g55,g25,0,0,80.943,372.177362,193.719772,96.47367,97.202323,WWRN-W0.5_WWRS-E0.5_SHGCN-Wg55_SHGCS-Eg25_EXTSHADINGN-W0_EXTSHADINGS-E0_Perspective.png
0.3,0.3,g33,g33,0,0,78.596,281.211599,180.768229,96.495726,87.59202,WWRN-W0.3_WWRS-E0.3_SHGCN-Wg33_SHGCS-Eg33_EXTSHADINGN-W0_EXTSHADINGS-E0_Perspective.png
0.4,0.3,g33,g33,0,0,79.28,303.483238,183.831474,96.468156,94.983628,WWRN-W0.4_WWRS-E0.3_SHGCN-Wg33_SHGCS-Eg33_EXTSHADINGN-W0_EXTSHADINGS-E0_Perspective.png
0.5,0.3,g33,g33,0,0,80.028,326.211986,186.848292,96.452991,94.999377,WWRN-W0.5_WWRS-E0.3_SHGCN-Wg33_SHGCS-Eg33_EXTSHADINGN-W0_EXTSHADINGS-E0_Perspective.png
0.3,0.4,g33,g33,0,0,79.093,301.895705,184.299351,96.486077,89.61325,WWRN-W0.3_WWRS-E0.4_SHGCN-Wg33_SHGCS-Eg33_EXTSHADINGN-W0_EXTSHADINGS-E0_Perspective.png
0.4,0.4,g33,g33,0,0,79.792,324.042638,187.360775,96.458506,97.229772,WWRN-W0.4_WWRS-E0.4_SHGCN-Wg33_SHGCS-Eg33_EXTSHADINGN-W0_EXTSHADINGS-E0_Perspective.png
0.5,0.4,g33,g33,0,0,80.552,346.670265,190.337333,96.448856,97.094458,WWRN-W0.5_WWRS-E0.4_SHGCN-Wg33_SHGCS-Eg33_EXTSHADINGN-W0_EXTSHADINGS-E0_Perspective.png
0.3,0.5,g33,g33,0,0,79.661,322.815852,187.707564,96.481941,89.546788,WWRN-W0.3_WWRS-E0.5_SHGCN-Wg33_SHGCS-Eg33_EXTSHADINGN-W0_EXTSHADINGS-E0_Perspective.png
0.4,0.5,g33,g33,0,0,80.376,344.988236,190.726015,96.450234,97.155026,WWRN-W0.4_WWRS-E0.5_SHGCN-Wg33_SHGCS-Eg33_EXTSHADINGN-W0_EXTSHADINGS-E0_Perspective.png
0.5,0.5,g33,g33,0,0,81.148,367.532898,193.719772,96.433692,97.202323,WWRN-W0.5_WWRS-E0.5_SHGCN-Wg33_SHGCS-Eg33_EXTSHADINGN-W0_EXTSHADINGS-E0_Perspective.png
0.3,0.3,g45,g33,0,0,78.479,275.121689,180.768229,96.506755,87.59202,WWRN-W0.3_WWRS-E0.3_SHGCN-Wg45_SHGCS-Eg33_EXTSHADINGN-W0_EXTSHADINGS-E0_Perspective.png
0.4,0.3,g45,g33,0,0,79.125,295.320622,183.831474,96.490212,94.983628,WWRN-W0.4_WWRS-E0.3_SHGCN-Wg45_SHGCS-Eg33_EXTSHADINGN-W0_EXTSHADINGS-E0_Perspective.png
0.5,0.3,g45,g33,0,0,79.833,316.181907,186.848292,96.468156,94.999377,WWRN-W0.5_WWRS-E0.3_SHGCN-Wg45_SHGCS-Eg33_EXTSHADINGN-W0_EXTSHADINGS-E0_Perspective.png
0.3,0.4,g45,g33,0,0,78.968,295.144159,184.299351,96.498484,89.61325,WWRN-W0.3_WWRS-E0.4_SHGCN-Wg45_SHGCS-Eg33_EXTSHADINGN-W0_EXTSHADINGS-E0_Perspective.png
0.4,0.4,g45,g33,0,0,79.629,315.532169,187.360775,96.475048,97.229772,WWRN-W0.4_WWRS-E0.4_SHGCN-Wg45_SHGCS-Eg33_EXTSHADINGN-W0_EXTSHADINGS-E0_Perspective.png
0.5,0.4,g45,g33,0,0,80.347,336.407786,190.337333,96.455749,97.094458,WWRN-W0.5_WWRS-E0.4_SHGCN-Wg45_SHGCS-Eg33_EXTSHADINGN-W0_EXTSHADINGS-E0_Perspective.png
0.3,0.5,g45,g33,0,0,79.528,315.747261,187.707564,96.490212,89.546788,WWRN-W0.3_WWRS-E0.5_SHGCN-Wg45_SHGCS-Eg33_EXTSHADINGN-W0_EXTSHADINGS-E0_Perspective.png
0.4,0.5,g45,g33,0,0,80.203,336.092813,190.726015,96.472291,97.155026,WWRN-W0.4_WWRS-E0.5_SHGCN-Wg45_SHGCS-Eg33_EXTSHADINGN-W0_EXTSHADINGS-E0_Perspective.png
0.5,0.5,g45,g33,0,0,80.929,356.771841,193.719772,96.447477,97.202323,WWRN-W0.5_WWRS-E0.5_SHGCN-Wg45_SHGCS-Eg33_EXTSHADINGN-W0_EXTSHADINGS-E0_Perspective.png
0.3,0.3,g55,g33,0,0,78.241,261.621927,180.768229,96.548111,87.59202,WWRN-W0.3_WWRS-E0.3_SHGCN-Wg55_SHGCS-Eg33_EXTSHADINGN-W0_EXTSHADINGS-E0_Perspective.png
0.4,0.3,g55,g33,0,0,78.799,278.273158,183.831474,96.524676,94.983628,WWRN-W0.4_WWRS-E0.3_SHGCN-Wg55_SHGCS-Eg33_EXTSHADINGN-W0_EXTSHADINGS-E0_Perspective.png
0.5,0.3,g55,g33,0,0,79.413,295.330143,186.848292,96.519162,94.999377,WWRN-W0.5_WWRS-E0.3_SHGCN-Wg55_SHGCS-Eg33_EXTSHADINGN-W0_EXTSHADINGS-E0_Perspective.png
0.3,0.4,g55,g33,0,0,78.711,280.648891,184.299351,96.534326,89.61325,WWRN-W0.3_WWRS-E0.4_SHGCN-Wg55_SHGCS-Eg33_EXTSHADINGN-W0_EXTSHADINGS-E0_Perspective.png
0.4,0.4,g55,g33,0,0,79.281,297.349141,187.360775,96.512269,97.229772,WWRN-W0.4_WWRS-E0.4_SHGCN-Wg55_SHGCS-Eg33_EXTSHADINGN-W0_EXTSHADINGS-E0_Perspective.png
0.5,0.4,g55,g33,0,0,79.907,314.510821,190.337333,96.490212,97.094458,WWRN-W0.5_WWRS-E0.4_SHGCN-Wg55_SHGCS-Eg33_EXTSHADINGN-W0_EXTSHADINGS-E0_Perspective.png
0.3,0.5,g55,g33,0,0,79.252,300.122628,187.707564,96.531569,89.546788,WWRN-W0.3_WWRS-E0.5_SHGCN-Wg55_SHGCS-Eg33_EXTSHADINGN-W0_EXTSHADINGS-E0_Perspective.png
0.4,0.5,g55,g33,0,0,79.837,316.866575,190.726015,96.506755,97.155026,WWRN-W0.4_WWRS-E0.5_SHGCN-Wg55_SHGCS-Eg33_EXTSHADINGN-W0_EXTSHADINGS-E0_Perspective.png
0.5,0.5,g55,g33,0,0,80.464,334.039718,193.719772,96.495726,97.202323,WWRN-W0.5_WWRS-E0.5_SHGCN-Wg55_SHGCS-Eg33_EXTSHADINGN-W0_EXTSHADINGS-E0_Perspective.png
0.3,0.3,g33,g45,0,0,78.587,268.591201,180.768229,96.527433,87.59202,WWRN-W0.3_WWRS-E0.3_SHGCN-Wg33_SHGCS-Eg45_EXTSHADINGN-W0_EXTSHADINGS-E0_Perspective.png
0.4,0.3,g33,g45,0,0,79.232,289.230461,183.831474,96.505376,94.983628,WWRN-W0.4_WWRS-E0.3_SHGCN-Wg33_SHGCS-Eg45_EXTSHADINGN-W0_EXTSHADINGS-E0_Perspective.png
0.5,0.3,g33,g45,0,0,79.934,310.376602,186.848292,96.481941,94.999377,WWRN-W0.5_WWRS-E0.3_SHGCN-Wg33_SHGCS-Eg45_EXTSHADINGN-W0_EXTSHADINGS-E0_Perspective.png
0.3,0.4,g33,g45,0,0,79.034,285.373452,184.299351,96.492969,89.61325,WWRN-W0.3_WWRS-E0.4_SHGCN-Wg33_SHGCS-Eg45_EXTSHADINGN-W0_EXTSHADINGS-E0_Perspective.png
0.4,0.4,g33,g45,0,0,79.69,306.310886,187.360775,96.475048,97.229772,WWRN-W0.4_WWRS-E0.4_SHGCN-Wg33_SHGCS-Eg45_EXTSHADINGN-W0_EXTSHADINGS-E0_Perspective.png
0.5,0.4,g33,g45,0,0,80.397,327.637082,190.337333,96.458506,97.094458,WWRN-W0.5_WWRS-E0.4_SHGCN-Wg33_SHGCS-Eg45_EXTSHADINGN-W0_EXTSHADINGS-E0_Perspective.png
0.3,0.5,g33,g45,0,0,79.523,302.949023,187.707564,96.479184,89.546788,WWRN-W0.3_WWRS-E0.5_SHGCN-Wg33_SHGCS-Eg45_EXTSHADINGN-W0_EXTSHADINGS-E0_Perspective.png
0.4,0.5,g33,g45,0,0,80.187,323.766051,190.726015,96.447477,97.155026,WWRN-W0.4_WWRS-E0.5_SHGCN-Wg33_SHGCS-Eg45_EXTSHADINGN-W0_EXTSHADINGS-E0_Perspective.png
0.5,0.5,g33,g45,0,0,80.902,344.833692,193.719772,96.441963,97.202323,WWRN-W0.5_WWRS-E0.5_SHGCN-Wg33_SHGCS-Eg45_EXTSHADINGN-W0_EXTSHADINGS-E0_Perspective.png
0.3,0.3,g45,g45,0,0,78.473,262.192833,180.768229,96.532947,87.59202,WWRN-W0.3_WWRS-E0.3_SHGCN-Wg45_SHGCS-Eg45_EXTSHADINGN-W0_EXTSHADINGS-E0_Perspective.png
0.4,0.3,g45,g45,0,0,79.081,281.070942,183.831474,96.524676,94.983628,WWRN-W0.4_WWRS-E0.3_SHGCN-Wg45_SHGCS-Eg45_EXTSHADINGN-W0_EXTSHADINGS-E0_Perspective.png
0.5,0.3,g45,g45,0,0,79.744,300.353314,186.848292,96.502619,94.999377,WWRN-W0.5_WWRS-E0.3_SHGCN-Wg45_SHGCS-Eg45_EXTSHADINGN-W0_EXTSHADINGS-E0_Perspective.png
0.3,0.4,g45,g45,0,0,78.913,278.725767,184.299351,96.505376,89.61325,WWRN-W0.3_WWRS-E0.4_SHGCN-Wg45_SHGCS-Eg45_EXTSHADINGN-W0_EXTSHADINGS-E0_Perspective.png
0.4,0.4,g45,g45,0,0,79.531,297.794824,187.360775,96.491591,97.229772,WWRN-W0.4_WWRS-E0.4_SHGCN-Wg45_SHGCS-Eg45_EXTSHADINGN-W0_EXTSHADINGS-E0_Perspective.png
0.5,0.4,g45,g45,0,0,80.198,317.208557,190.337333,96.468156,97.094458,WWRN-W0.5_WWRS-E0.4_SHGCN-Wg45_SHGCS-Eg45_EXTSHADINGN-W0_EXTSHADINGS-E0_Perspective.png
0.3,0.5,g45,g45,0,0,79.393,295.805163,187.707564,96.488834,89.546788,WWRN-W0.3_WWRS-E0.5_SHGCN-Wg45_SHGCS-Eg45_EXTSHADINGN-W0_EXTSHADINGS-E0_Perspective.png
0.4,0.5,g45,g45,0,0,80.019,314.868398,190.726015,96.470913,97.155026,WWRN-W0.4_WWRS-E0.5_SHGCN-Wg45_SHGCS-Eg45_EXTSHADINGN-W0_EXTSHADINGS-E0_Perspective.png
0.5,0.5,g45,g45,0,0,80.695,334.348051,193.719772,96.45437,97.202323,WWRN-W0.5_WWRS-E0.5_SHGCN-Wg45_SHGCS-Eg45_EXTSHADINGN-W0_EXTSHADINGS-E0_Perspective.png
0.3,0.3,g55,g45,0,0,78.245,248.777641,180.768229,96.586711,87.59202,WWRN-W0.3_WWRS-E0.3_SHGCN-Wg55_SHGCS-Eg45_EXTSHADINGN-W0_EXTSHADINGS-E0_Perspective.png
0.4,0.3,g55,g45,0,0,78.764,263.992783,183.831474,96.564654,94.983628,WWRN-W0.4_WWRS-E0.3_SHGCN-Wg55_SHGCS-Eg45_EXTSHADINGN-W0_EXTSHADINGS-E0_Perspective.png
0.5,0.3,g55,g45,0,0,79.335,279.546907,186.848292,96.557761,94.999377,WWRN-W0.5_WWRS-E0.3_SHGCN-Wg55_SHGCS-Eg45_EXTSHADINGN-W0_EXTSHADINGS-E0_Perspective.png
0.3,0.4,g55,g45,0,0,78.666,264.261679,184.299351,96.542597,89.61325,WWRN-W0.3_WWRS-E0.4_SHGCN-Wg55_SHGCS-Eg45_EXTSHADINGN-W0_EXTSHADINGS-E0_Perspective.png
0.4,0.4,g55,g45,0,0,79.196,279.603555,187.360775,96.510891,97.229772,WWRN-W0.4_WWRS-E0.4_SHGCN-Wg55_SHGCS-Eg45_EXTSHADINGN-W0_EXTSHADINGS-E0_Perspective.png
0.5,0.4,g55,g45,0,0,79.771,295.419108,190.337333,96.513648,97.094458,WWRN-W0.5_WWRS-E0.4_SHGCN-Wg55_SHGCS-Eg45_EXTSHADINGN-W0_EXTSHADINGS-E0_Perspective.png
0.3,0.5,g55,g45,0,0,79.128,280.235926,187.707564,96.526055,89.546788,WWRN-W0.3_WWRS-E0.5_SHGCN-Wg55_SHGCS-Eg45_EXTSHADINGN-W0_EXTSHADINGS-E0_Perspective.png
0.4,0.5,g55,g45,0,0,79.665,295.628886,190.726015,96.509512,97.155026,WWRN-W0.4_WWRS-E0.5_SHGCN-Wg55_SHGCS-Eg45_EXTSHADINGN-W0_EXTSHADINGS-E0_Perspective.png
0.5,0.5,g55,g45,0,0,80.248,311.388123,193.719772,96.499862,97.202323,WWRN-W0.5_WWRS-E0.5_SHGCN-Wg55_SHGCS-Eg45_EXTSHADINGN-W0_EXTSHADINGS-E0_Perspective.png
0.3,0.3,g33,g25,1,0,77.458,260.192365,180.768229,96.509512,87.59202,WWRN-W0.3_WWRS-E0.3_SHGCN-Wg33_SHGCS-Eg25_EXTSHADINGN-W1_EXTSHADINGS-E0_Perspective.png
0.4,0.3,g33,g25,1,0,77.872,271.092037,183.831474,96.46402,94.983628,WWRN-W0.4_WWRS-E0.3_SHGCN-Wg33_SHGCS-Eg25_EXTSHADINGN-W1_EXTSHADINGS-E0_Perspective.png
0.5,0.3,g33,g25,1,0,78.342,283.253453,186.848292,96.447477,94.999377,WWRN-W0.5_WWRS-E0.3_SHGCN-Wg33_SHGCS-Eg25_EXTSHADINGN-W1_EXTSHADINGS-E0_Perspective.png
0.3,0.4,g33,g25,1,0,78.027,282.803946,184.299351,96.508133,89.61325,WWRN-W0.3_WWRS-E0.4_SHGCN-Wg33_SHGCS-Eg25_EXTSHADINGN-W1_EXTSHADINGS-E0_Perspective.png
0.4,0.4,g33,g25,1,0,78.456,293.557749,187.360775,96.480562,97.229772,WWRN-W0.4_WWRS-E0.4_SHGCN-Wg33_SHGCS-Eg25_EXTSHADINGN-W1_EXTSHADINGS-E0_Perspective.png
0.5,0.4,g33,g25,1,0,78.939,305.468867,190.337333,96.439206,97.094458,WWRN-W0.5_WWRS-E0.4_SHGCN-Wg33_SHGCS-Eg25_EXTSHADINGN-W1_EXTSHADINGS-E0_Perspective.png
0.3,0.5,g33,g25,1,0,78.702,306.016674,187.707564,96.488834,89.546788,WWRN-W0.3_WWRS-E0.5_SHGCN-Wg33_SHGCS-Eg25_EXTSHADINGN-W1_EXTSHADINGS-E0_Perspective.png
0.4,0.5,g33,g25,1,0,79.146,316.312685,190.726015,96.459884,97.155026,WWRN-W0.4_WWRS-E0.5_SHGCN-Wg33_SHGCS-Eg25_EXTSHADINGN-W1_EXTSHADINGS-E0_Perspective.png
0.5,0.5,g33,g25,1,0,79.64,328.7996,193.719772,96.418528,97.202323,WWRN-W0.5_WWRS-E0.5_SHGCN-Wg33_SHGCS-Eg25_EXTSHADINGN-W1_EXTSHADINGS-E0_Perspective.png
0.3,0.3,g45,g25,1,0,77.459,259.382043,180.768229,96.527433,87.59202,WWRN-W0.3_WWRS-E0.3_SHGCN-Wg45_SHGCS-Eg25_EXTSHADINGN-W1_EXTSHADINGS-E0_Perspective.png
0.4,0.3,g45,g25,1,0,77.869,269.924857,183.831474,96.48332,94.983628,WWRN-W0.4_WWRS-E0.3_SHGCN-Wg45_SHGCS-Eg25_EXTSHADINGN-W1_EXTSHADINGS-E0_Perspective.png
0.5,0.3,g45,g25,1,0,78.336,281.586471,186.848292,96.462641,94.999377,WWRN-W0.5_WWRS-E0.3_SHGCN-Wg45_SHGCS-Eg25_EXTSHADINGN-W1_EXTSHADINGS-E0_Perspective.png
0.3,0.4,g45,g25,1,0,78.023,281.907859,184.299351,96.521919,89.61325,WWRN-W0.3_WWRS-E0.4_SHGCN-Wg45_SHGCS-Eg25_EXTSHADINGN-W1_EXTSHADINGS-E0_Perspective.png
0.4,0.4,g45,g25,1,0,78.449,292.598087,187.360775,96.492969,97.229772,WWRN-W0.4_WWRS-E0.4_SHGCN-Wg45_SHGCS-Eg25_EXTSHADINGN-W1_EXTSHADINGS-E0_Perspective.png
0.5,0.4,g45,g25,1,0,78.929,303.797612,190.337333,96.465398,97.094458,WWRN-W0.5_WWRS-E0.4_SHGCN-Wg45_SHGCS-Eg25_EXTSHADINGN-W1_EXTSHADINGS-E0_Perspective.png
0.3,0.5,g45,g25,1,0,78.694,305.013076,187.707564,96.515026,89.546788,WWRN-W0.3_WWRS-E0.5_SHGCN-Wg45_SHGCS-Eg25_EXTSHADINGN-W1_EXTSHADINGS-E0_Perspective.png
0.4,0.5,g45,g25,1,0,79.129,315.173562,190.726015,96.47367,97.155026,WWRN-W0.4_WWRS-E0.5_SHGCN-Wg45_SHGCS-Eg25_EXTSHADINGN-W1_EXTSHADINGS-E0_Perspective.png
0.5,0.5,g45,g25,1,0,79.629,326.828008,193.719772,96.447477,97.202323,WWRN-W0.5_WWRS-E0.5_SHGCN-Wg45_SHGCS-Eg25_EXTSHADINGN-W1_EXTSHADINGS-E0_Perspective.png
0.3,0.3,g55,g25,1,0,77.453,257.530004,180.768229,96.553626,87.59202,WWRN-W0.3_WWRS-E0.3_SHGCN-Wg55_SHGCS-Eg25_EXTSHADINGN-W1_EXTSHADINGS-E0_Perspective.png
0.4,0.3,g55,g25,1,0,77.86,267.278318,183.831474,96.528812,94.983628,WWRN-W0.4_WWRS-E0.3_SHGCN-Wg55_SHGCS-Eg25_EXTSHADINGN-W1_EXTSHADINGS-E0_Perspective.png
0.5,0.3,g55,g25,1,0,78.325,277.819084,186.848292,96.502619,94.999377,WWRN-W0.5_WWRS-E0.3_SHGCN-Wg55_SHGCS-Eg25_EXTSHADINGN-W1_EXTSHADINGS-E0_Perspective.png
0.3,0.4,g55,g25,1,0,78.005,279.704277,184.299351,96.546733,89.61325,WWRN-W0.3_WWRS-E0.4_SHGCN-Wg55_SHGCS-Eg25_EXTSHADINGN-W1_EXTSHADINGS-E0_Perspective.png
0.4,0.4,g55,g25,1,0,78.428,289.642095,187.360775,96.52054,97.229772,WWRN-W0.4_WWRS-E0.4_SHGCN-Wg55_SHGCS-Eg25_EXTSHADINGN-W1_EXTSHADINGS-E0_Perspective.png
0.5,0.4,g55,g25,1,0,78.905,300.222266,190.337333,96.501241,97.094458,WWRN-W0.5_WWRS-E0.4_SHGCN-Wg55_SHGCS-Eg25_EXTSHADINGN-W1_EXTSHADINGS-E0_Perspective.png
0.3,0.5,g55,g25,1,0,78.667,302.60372,187.707564,96.542597,89.546788,WWRN-W0.3_WWRS-E0.5_SHGCN-Wg55_SHGCS-Eg25_EXTSHADINGN-W1_EXTSHADINGS-E0_Perspective.png
0.4,0.5,g55,g25,1,0,79.095,311.955235,190.726015,96.510891,97.155026,WWRN-W0.4_WWRS-E0.5_SHGCN-Wg55_SHGCS-Eg25_EXTSHADINGN-W1_EXTSHADINGS-E0_Perspective.png
0.5,0.5,g55,g25,1,0,79.582,322.354966,193.719772,96.486077,97.202323,WWRN-W0.5_WWRS-E0.5_SHGCN-Wg55_SHGCS-Eg25_EXTSHADINGN-W1_EXTSHADINGS-E0_Perspective.png
0.3,0.3,g33,g33,1,0,77.433,238.988229,180.768229,96.508133,87.59202,WWRN-W0.3_WWRS-E0.3_SHGCN-Wg33_SHGCS-Eg33_EXTSHADINGN-W1_EXTSHADINGS-E0_Perspective.png
0.4,0.3,g33,g33,1,0,77.777,246.780756,183.831474,96.488834,94.983628,WWRN-W0.4_WWRS-E0.3_SHGCN-Wg33_SHGCS-Eg33_EXTSHADINGN-W1_EXTSHADINGS-E0_Perspective.png
0.5,0.3,g33,g33,1,0,78.163,256.133564,186.848292,96.466777,94.999377,WWRN-W0.5_WWRS-E0.3_SHGCN-Wg33_SHGCS-Eg33_EXTSHADINGN-W1_EXTSHADINGS-E0_Perspective.png
0.3,0.4,g33,g33,1,0,77.873,255.126938,184.299351,96.503998,89.61325,WWRN-W0.3_WWRS-E0.4_SHGCN-Wg33_SHGCS-Eg33_EXTSHADINGN-W1_EXTSHADINGS-E0_Perspective.png
0.4,0.4,g33,g33,1,0,78.23,263.4667,187.360775,96.476427,97.229772,WWRN-W0.4_WWRS-E0.4_SHGCN-Wg33_SHGCS-Eg33_EXTSHADINGN-W1_EXTSHADINGS-E0_Perspective.png
0.5,0.4,g33,g33,1,0,78.625,273.153516,190.337333,96.450234,97.094458,WWRN-W0.5_WWRS-E0.4_SHGCN-Wg33_SHGCS-Eg33_EXTSHADINGN-W1_EXTSHADINGS-E0_Perspective.png
0.3,0.5,g33,g33,1,0,78.383,272.70794,187.707564,96.497105,89.546788,WWRN-W0.3_WWRS-E0.5_SHGCN-Wg33_SHGCS-Eg33_EXTSHADINGN-W1_EXTSHADINGS-E0_Perspective.png
0.4,0.5,g33,g33,1,0,78.752,281.177679,190.726015,96.47367,97.155026,WWRN-W0.4_WWRS-E0.5_SHGCN-Wg33_SHGCS-Eg33_EXTSHADINGN-W1_EXTSHADINGS-E0_Perspective.png
0.5,0.5,g33,g33,1,0,79.161,290.443312,193.719772,96.45437,97.202323,WWRN-W0.5_WWRS-E0.5_SHGCN-Wg33_SHGCS-Eg33_EXTSHADINGN-W1_EXTSHADINGS-E0_Perspective.png
0.3,0.3,g45,g33,1,0,77.437,238.131795,180.768229,96.521919,87.59202,WWRN-W0.3_WWRS-E0.3_SHGCN-Wg45_SHGCS-Eg33_EXTSHADINGN-W1_EXTSHADINGS-E0_Perspective.png
0.4,0.3,g45,g33,1,0,77.78,245.748323,183.831474,96.503998,94.983628,WWRN-W0.4_WWRS-E0.3_SHGCN-Wg45_SHGCS-Eg33_EXTSHADINGN-W1_EXTSHADINGS-E0_Perspective.png
0.5,0.3,g45,g33,1,0,78.166,254.458773,186.848292,96.490212,94.999377,WWRN-W0.5_WWRS-E0.3_SHGCN-Wg45_SHGCS-Eg33_EXTSHADINGN-W1_EXTSHADINGS-E0_Perspective.png
0.3,0.4,g45,g33,1,0,77.873,254.233541,184.299351,96.508133,89.61325,WWRN-W0.3_WWRS-E0.4_SHGCN-Wg45_SHGCS-Eg33_EXTSHADINGN-W1_EXTSHADINGS-E0_Perspective.png
0.4,0.4,g45,g33,1,0,78.227,262.321538,187.360775,96.495726,97.229772,WWRN-W0.4_WWRS-E0.4_SHGCN-Wg45_SHGCS-Eg33_EXTSHADINGN-W1_EXTSHADINGS-E0_Perspective.png
0.5,0.4,g45,g33,1,0,78.622,271.392969,190.337333,96.472291,97.094458,WWRN-W0.5_WWRS-E0.4_SHGCN-Wg45_SHGCS-Eg33_EXTSHADINGN-W1_EXTSHADINGS-E0_Perspective.png
0.3,0.5,g45,g33,1,0,78.379,271.375822,187.707564,96.512269,89.546788,WWRN-W0.3_WWRS-E0.5_SHGCN-Wg45_SHGCS-Eg33_EXTSHADINGN-W1_EXTSHADINGS-E0_Perspective.png
0.4,0.5,g45,g33,1,0,78.746,279.720672,190.726015,96.488834,97.155026,WWRN-W0.4_WWRS-E0.5_SHGCN-Wg45_SHGCS-Eg33_EXTSHADINGN-W1_EXTSHADINGS-E0_Perspective.png
0.5,0.5,g45,g33,1,0,79.146,288.784394,193.719772,96.466777,97.202323,WWRN-W0.5_WWRS-E0.5_SHGCN-Wg45_SHGCS-Eg33_EXTSHADINGN-W1_EXTSHADINGS-E0_Perspective.png
0.3,0.3,g55,g33,1,0,77.439,236.231575,180.768229,96.563275,87.59202,WWRN-W0.3_WWRS-E0.3_SHGCN-Wg55_SHGCS-Eg33_EXTSHADINGN-W1_EXTSHADINGS-E0_Perspective.png
0.4,0.3,g55,g33,1,0,77.779,243.579044,183.831474,96.556383,94.983628,WWRN-W0.4_WWRS-E0.3_SHGCN-Wg55_SHGCS-Eg33_EXTSHADINGN-W1_EXTSHADINGS-E0_Perspective.png
0.5,0.3,g55,g33,1,0,78.165,250.81812,186.848292,96.532947,94.999377,WWRN-W0.5_WWRS-E0.3_SHGCN-Wg55_SHGCS-Eg33_EXTSHADINGN-W1_EXTSHADINGS-E0_Perspective.png
0.3,0.4,g55,g33,1,0,77.865,252.151677,184.299351,96.532947,89.61325,WWRN-W0.3_WWRS-E0.4_SHGCN-Wg55_SHGCS-Eg33_EXTSHADINGN-W1_EXTSHADINGS-E0_Perspective.png
0.4,0.4,g55,g33,1,0,78.215,259.477309,187.360775,96.53019,97.229772,WWRN-W0.4_WWRS-E0.4_SHGCN-Wg55_SHGCS-Eg33_EXTSHADINGN-W1_EXTSHADINGS-E0_Perspective.png
0.5,0.4,g55,g33,1,0,78.61,267.448997,190.337333,96.506755,97.094458,WWRN-W0.5_WWRS-E0.4_SHGCN-Wg55_SHGCS-Eg33_EXTSHADINGN-W1_EXTSHADINGS-E0_Perspective.png
0.3,0.5,g55,g33,1,0,78.363,268.952237,187.707564,96.543976,89.546788,WWRN-W0.3_WWRS-E0.5_SHGCN-Wg55_SHGCS-Eg33_EXTSHADINGN-W1_EXTSHADINGS-E0_Perspective.png
0.4,0.5,g55,g33,1,0,78.726,276.487991,190.726015,96.528812,97.155026,WWRN-W0.4_WWRS-E0.5_SHGCN-Wg55_SHGCS-Eg33_EXTSHADINGN-W1_EXTSHADINGS-E0_Perspective.png
0.5,0.5,g55,g33,1,0,79.121,284.434492,193.719772,96.508133,97.202323,WWRN-W0.5_WWRS-E0.5_SHGCN-Wg55_SHGCS-Eg33_EXTSHADINGN-W1_EXTSHADINGS-E0_Perspective.png
0.3,0.3,g33,g45,1,0,77.435,225.70163,180.768229,96.528812,87.59202,WWRN-W0.3_WWRS-E0.3_SHGCN-Wg33_SHGCS-Eg45_EXTSHADINGN-W1_EXTSHADINGS-E0_Perspective.png
0.4,0.3,g33,g45,1,0,77.744,233.066839,183.831474,96.526055,94.983628,WWRN-W0.4_WWRS-E0.3_SHGCN-Wg33_SHGCS-Eg45_EXTSHADINGN-W1_EXTSHADINGS-E0_Perspective.png
0.5,0.3,g33,g45,1,0,78.086,240.640636,186.848292,96.495726,94.999377,WWRN-W0.5_WWRS-E0.3_SHGCN-Wg33_SHGCS-Eg45_EXTSHADINGN-W1_EXTSHADINGS-E0_Perspective.png
0.3,0.4,g33,g45,1,0,77.826,239.2893,184.299351,96.497105,89.61325,WWRN-W0.3_WWRS-E0.4_SHGCN-Wg33_SHGCS-Eg45_EXTSHADINGN-W1_EXTSHADINGS-E0_Perspective.png
0.4,0.4,g33,g45,1,0,78.143,245.883667,187.360775,96.487455,97.229772,WWRN-W0.4_WWRS-E0.4_SHGCN-Wg33_SHGCS-Eg45_EXTSHADINGN-W1_EXTSHADINGS-E0_Perspective.png
0.5,0.4,g33,g45,1,0,78.49,253.941167,190.337333,96.465398,97.094458,WWRN-W0.5_WWRS-E0.4_SHGCN-Wg33_SHGCS-Eg45_EXTSHADINGN-W1_EXTSHADINGS-E0_Perspective.png
0.3,0.5,g33,g45,1,0,78.258,252.635736,187.707564,96.480562,89.546788,WWRN-W0.3_WWRS-E0.5_SHGCN-Wg33_SHGCS-Eg45_EXTSHADINGN-W1_EXTSHADINGS-E0_Perspective.png
0.4,0.5,g33,g45,1,0,78.581,259.696073,190.726015,96.480562,97.155026,WWRN-W0.4_WWRS-E0.5_SHGCN-Wg33_SHGCS-Eg45_EXTSHADINGN-W1_EXTSHADINGS-E0_Perspective.png
0.5,0.5,g33,g45,1,0,78.934,267.981849,193.719772,96.457127,97.202323,WWRN-W0.5_WWRS-E0.5_SHGCN-Wg33_SHGCS-Eg45_EXTSHADINGN-W1_EXTSHADINGS-E0_Perspective.png
0.3,0.3,g45,g45,1,0,77.442,225.058163,180.768229,96.550868,87.59202,WWRN-W0.3_WWRS-E0.3_SHGCN-Wg45_SHGCS-Eg45_EXTSHADINGN-W1_EXTSHADINGS-E0_Perspective.png
0.4,0.3,g45,g45,1,0,77.749,231.837245,183.831474,96.53984,94.983628,WWRN-W0.4_WWRS-E0.3_SHGCN-Wg45_SHGCS-Eg45_EXTSHADINGN-W1_EXTSHADINGS-E0_Perspective.png
0.5,0.3,g45,g45,1,0,78.093,239.24837,186.848292,96.513648,94.999377,WWRN-W0.5_WWRS-E0.3_SHGCN-Wg45_SHGCS-Eg45_EXTSHADINGN-W1_EXTSHADINGS-E0_Perspective.png
0.3,0.4,g45,g45,1,0,77.83,238.533476,184.299351,96.503998,89.61325,WWRN-W0.3_WWRS-E0.4_SHGCN-Wg45_SHGCS-Eg45_EXTSHADINGN-W1_EXTSHADINGS-E0_Perspective.png
0.4,0.4,g45,g45,1,0,78.145,244.772604,187.360775,96.494348,97.229772,WWRN-W0.4_WWRS-E0.4_SHGCN-Wg45_SHGCS-Eg45_EXTSHADINGN-W1_EXTSHADINGS-E0_Perspective.png
0.5,0.4,g45,g45,1,0,78.491,252.08078,190.337333,96.48332,97.094458,WWRN-W0.5_WWRS-E0.4_SHGCN-Wg45_SHGCS-Eg45_EXTSHADINGN-W1_EXTSHADINGS-E0_Perspective.png
0.3,0.5,g45,g45,1,0,78.257,251.503865,187.707564,96.492969,89.546788,WWRN-W0.3_WWRS-E0.5_SHGCN-Wg45_SHGCS-Eg45_EXTSHADINGN-W1_EXTSHADINGS-E0_Perspective.png
0.4,0.5,g45,g45,1,0,78.578,258.318465,190.726015,96.492969,97.155026,WWRN-W0.4_WWRS-E0.5_SHGCN-Wg45_SHGCS-Eg45_EXTSHADINGN-W1_EXTSHADINGS-E0_Perspective.png
0.5,0.5,g45,g45,1,0,78.931,265.987611,193.719772,96.47367,97.202323,WWRN-W0.5_WWRS-E0.5_SHGCN-Wg45_SHGCS-Eg45_EXTSHADINGN-W1_EXTSHADINGS-E0_Perspective.png
0.3,0.3,g55,g45,1,0,77.453,223.1989,180.768229,96.590846,87.59202,WWRN-W0.3_WWRS-E0.3_SHGCN-Wg55_SHGCS-Eg45_EXTSHADINGN-W1_EXTSHADINGS-E0_Perspective.png
0.4,0.3,g55,g45,1,0,77.757,229.264232,183.831474,96.592225,94.983628,WWRN-W0.4_WWRS-E0.3_SHGCN-Wg55_SHGCS-Eg45_EXTSHADINGN-W1_EXTSHADINGS-E0_Perspective.png
0.5,0.3,g55,g45,1,0,78.102,235.632182,186.848292,96.581197,94.999377,WWRN-W0.5_WWRS-E0.3_SHGCN-Wg55_SHGCS-Eg45_EXTSHADINGN-W1_EXTSHADINGS-E0_Perspective.png
0.3,0.4,g55,g45,1,0,77.829,236.316067,184.299351,96.53984,89.61325,WWRN-W0.3_WWRS-E0.4_SHGCN-Wg55_SHGCS-Eg45_EXTSHADINGN-W1_EXTSHADINGS-E0_Perspective.png
0.4,0.4,g55,g45,1,0,78.143,242.318745,187.360775,96.535704,97.229772,WWRN-W0.4_WWRS-E0.4_SHGCN-Wg55_SHGCS-Eg45_EXTSHADINGN-W1_EXTSHADINGS-E0_Perspective.png
0.5,0.4,g55,g45,1,0,78.491,248.214237,190.337333,96.531569,97.094458,WWRN-W0.5_WWRS-E0.4_SHGCN-Wg55_SHGCS-Eg45_EXTSHADINGN-W1_EXTSHADINGS-E0_Perspective.png
0.3,0.5,g55,g45,1,0,78.249,249.192266,187.707564,96.526055,89.546788,WWRN-W0.3_WWRS-E0.5_SHGCN-Wg55_SHGCS-Eg45_EXTSHADINGN-W1_EXTSHADINGS-E0_Perspective.png
0.4,0.5,g55,g45,1,0,78.568,255.158135,190.726015,96.526055,97.155026,WWRN-W0.4_WWRS-E0.5_SHGCN-Wg55_SHGCS-Eg45_EXTSHADINGN-W1_EXTSHADINGS-E0_Perspective.png
0.5,0.5,g55,g45,1,0,78.921,261.547853,193.719772,96.513648,97.202323,WWRN-W0.5_WWRS-E0.5_SHGCN-Wg55_SHGCS-Eg45_EXTSHADINGN-W1_EXTSHADINGS-E0_Perspective.png
0.3,0.3,g33,g25,0,1,78.82,235.93365,180.768229,96.757651,87.59202,WWRN-W0.3_WWRS-E0.3_SHGCN-Wg33_SHGCS-Eg25_EXTSHADINGN-W0_EXTSHADINGS-E1_Perspective.png
0.4,0.3,g33,g25,0,1,79.422,252.596422,183.831474,96.717673,94.983628,WWRN-W0.4_WWRS-E0.3_SHGCN-Wg33_SHGCS-Eg25_EXTSHADINGN-W0_EXTSHADINGS-E1_Perspective.png
0.5,0.3,g33,g25,0,1,80.054,269.776046,186.848292,96.674938,94.999377,WWRN-W0.5_WWRS-E0.3_SHGCN-Wg33_SHGCS-Eg25_EXTSHADINGN-W0_EXTSHADINGS-E1_Perspective.png
0.3,0.4,g33,g25,0,1,79.212,243.06371,184.299351,96.723187,89.61325,WWRN-W0.3_WWRS-E0.4_SHGCN-Wg33_SHGCS-Eg25_EXTSHADINGN-W0_EXTSHADINGS-E1_Perspective.png
0.4,0.4,g33,g25,0,1,79.818,259.616547,187.360775,96.673559,97.229772,WWRN-W0.4_WWRS-E0.4_SHGCN-Wg33_SHGCS-Eg25_EXTSHADINGN-W0_EXTSHADINGS-E1_Perspective.png
0.5,0.4,g33,g25,0,1,80.447,276.917565,190.337333,96.623932,97.094458,WWRN-W0.5_WWRS-E0.4_SHGCN-Wg33_SHGCS-Eg25_EXTSHADINGN-W0_EXTSHADINGS-E1_Perspective.png
0.3,0.5,g33,g25,0,1,79.606,250.11621,187.707564,96.696995,89.546788,WWRN-W0.3_WWRS-E0.5_SHGCN-Wg33_SHGCS-Eg25_EXTSHADINGN-W0_EXTSHADINGS-E1_Perspective.png
0.4,0.5,g33,g25,0,1,80.213,266.886603,190.726015,96.648746,97.155026,WWRN-W0.4_WWRS-E0.5_SHGCN-Wg33_SHGCS-Eg25_EXTSHADINGN-W0_EXTSHADINGS-E1_Perspective.png
0.5,0.5,g33,g25,0,1,80.844,284.192037,193.719772,96.603253,97.202323,WWRN-W0.5_WWRS-E0.5_SHGCN-Wg33_SHGCS-Eg25_EXTSHADINGN-W0_EXTSHADINGS-E1_Perspective.png
0.3,0.3,g45,g25,0,1,78.717,229.905935,180.768229,96.775572,87.59202,WWRN-W0.3_WWRS-E0.3_SHGCN-Wg45_SHGCS-Eg25_EXTSHADINGN-W0_EXTSHADINGS-E1_Perspective.png
0.4,0.3,g45,g25,0,1,79.284,244.64395,183.831474,96.728701,94.983628,WWRN-W0.4_WWRS-E0.3_SHGCN-Wg45_SHGCS-Eg25_EXTSHADINGN-W0_EXTSHADINGS-E1_Perspective.png
0.5,0.3,g45,g25,0,1,79.88,259.815159,186.848292,96.696995,94.999377,WWRN-W0.5_WWRS-E0.3_SHGCN-Wg45_SHGCS-Eg25_EXTSHADINGN-W0_EXTSHADINGS-E1_Perspective.png
0.3,0.4,g45,g25,0,1,79.104,236.233721,184.299351,96.745244,89.61325,WWRN-W0.3_WWRS-E0.4_SHGCN-Wg45_SHGCS-Eg25_EXTSHADINGN-W0_EXTSHADINGS-E1_Perspective.png
0.4,0.4,g45,g25,0,1,79.673,251.144135,187.360775,96.688723,97.229772,WWRN-W0.4_WWRS-E0.4_SHGCN-Wg45_SHGCS-Eg25_EXTSHADINGN-W0_EXTSHADINGS-E1_Perspective.png
0.5,0.4,g45,g25,0,1,80.265,266.548739,190.337333,96.657017,97.094458,WWRN-W0.5_WWRS-E0.4_SHGCN-Wg45_SHGCS-Eg25_EXTSHADINGN-W0_EXTSHADINGS-E1_Perspective.png
0.3,0.5,g45,g25,0,1,79.491,243.147497,187.707564,96.71078,89.546788,WWRN-W0.3_WWRS-E0.5_SHGCN-Wg45_SHGCS-Eg25_EXTSHADINGN-W0_EXTSHADINGS-E1_Perspective.png
0.4,0.5,g45,g25,0,1,80.064,257.926924,190.726015,96.661152,97.155026,WWRN-W0.4_WWRS-E0.5_SHGCN-Wg45_SHGCS-Eg25_EXTSHADINGN-W0_EXTSHADINGS-E1_Perspective.png
0.5,0.5,g45,g25,0,1,80.658,273.423442,193.719772,96.630824,97.202323,WWRN-W0.5_WWRS-E0.5_SHGCN-Wg45_SHGCS-Eg25_EXTSHADINGN-W0_EXTSHADINGS-E1_Perspective.png
0.3,0.3,g55,g25,0,1,78.511,216.342321,180.768229,96.821064,87.59202,WWRN-W0.3_WWRS-E0.3_SHGCN-Wg55_SHGCS-Eg25_EXTSHADINGN-W0_EXTSHADINGS-E1_Perspective.png
0.4,0.3,g55,g25,0,1,79.0,227.762716,183.831474,96.781086,94.983628,WWRN-W0.4_WWRS-E0.3_SHGCN-Wg55_SHGCS-Eg25_EXTSHADINGN-W0_EXTSHADINGS-E1_Perspective.png
0.5,0.3,g55,g25,0,1,79.507,239.305023,186.848292,96.750758,94.999377,WWRN-W0.5_WWRS-E0.3_SHGCN-Wg55_SHGCS-Eg25_EXTSHADINGN-W0_EXTSHADINGS-E1_Perspective.png
0.3,0.4,g55,g25,0,1,78.883,222.030298,184.299351,96.789358,89.61325,WWRN-W0.3_WWRS-E0.4_SHGCN-Wg55_SHGCS-Eg25_EXTSHADINGN-W0_EXTSHADINGS-E1_Perspective.png
0.4,0.4,g55,g25,0,1,79.374,233.197842,187.360775,96.745244,97.229772,WWRN-W0.4_WWRS-E0.4_SHGCN-Wg55_SHGCS-Eg25_EXTSHADINGN-W0_EXTSHADINGS-E1_Perspective.png
0.5,0.4,g55,g25,0,1,79.878,244.788144,190.337333,96.709402,97.094458,WWRN-W0.5_WWRS-E0.4_SHGCN-Wg55_SHGCS-Eg25_EXTSHADINGN-W0_EXTSHADINGS-E1_Perspective.png
0.3,0.5,g55,g25,0,1,79.258,227.756751,187.707564,96.757651,89.546788,WWRN-W0.3_WWRS-E0.5_SHGCN-Wg55_SHGCS-Eg25_EXTSHADINGN-W0_EXTSHADINGS-E1_Perspective.png
0.4,0.5,g55,g25,0,1,79.751,238.982032,190.726015,96.72043,97.155026,WWRN-W0.4_WWRS-E0.5_SHGCN-Wg55_SHGCS-Eg25_EXTSHADINGN-W0_EXTSHADINGS-E1_Perspective.png
0.5,0.5,g55,g25,0,1,80.257,250.630859,193.719772,96.684588,97.202323,WWRN-W0.5_WWRS-E0.5_SHGCN-Wg55_SHGCS-Eg25_EXTSHADINGN-W0_EXTSHADINGS-E1_Perspective.png
0.3,0.3,g33,g33,0,1,78.844,234.05218,180.768229,96.7866,87.59202,WWRN-W0.3_WWRS-E0.3_SHGCN-Wg33_SHGCS-Eg33_EXTSHADINGN-W0_EXTSHADINGS-E1_Perspective.png
0.4,0.3,g33,g33,0,1,79.443,250.411965,183.831474,96.757651,94.983628,WWRN-W0.4_WWRS-E0.3_SHGCN-Wg33_SHGCS-Eg33_EXTSHADINGN-W0_EXTSHADINGS-E1_Perspective.png
0.5,0.3,g33,g33,0,1,80.068,267.263837,186.848292,96.699752,94.999377,WWRN-W0.5_WWRS-E0.3_SHGCN-Wg33_SHGCS-Eg33_EXTSHADINGN-W0_EXTSHADINGS-E1_Perspective.png
0.3,0.4,g33,g33,0,1,79.222,240.468208,184.299351,96.754894,89.61325,WWRN-W0.3_WWRS-E0.4_SHGCN-Wg33_SHGCS-Eg33_EXTSHADINGN-W0_EXTSHADINGS-E1_Perspective.png
0.4,0.4,g33,g33,0,1,79.825,256.929599,187.360775,96.723187,97.229772,WWRN-W0.4_WWRS-E0.4_SHGCN-Wg33_SHGCS-Eg33_EXTSHADINGN-W0_EXTSHADINGS-E1_Perspective.png
0.5,0.4,g33,g33,0,1,80.452,273.867385,190.337333,96.676317,97.094458,WWRN-W0.5_WWRS-E0.4_SHGCN-Wg33_SHGCS-Eg33_EXTSHADINGN-W0_EXTSHADINGS-E1_Perspective.png
0.3,0.5,g33,g33,0,1,79.61,247.136697,187.707564,96.728701,89.546788,WWRN-W0.3_WWRS-E0.5_SHGCN-Wg33_SHGCS-Eg33_EXTSHADINGN-W0_EXTSHADINGS-E1_Perspective.png
0.4,0.5,g33,g33,0,1,80.214,263.556024,190.726015,96.702509,97.155026,WWRN-W0.4_WWRS-E0.5_SHGCN-Wg33_SHGCS-Eg33_EXTSHADINGN-W0_EXTSHADINGS-E1_Perspective.png
0.5,0.5,g33,g33,0,1,80.843,280.504114,193.719772,96.645988,97.202323,WWRN-W0.5_WWRS-E0.5_SHGCN-Wg33_SHGCS-Eg33_EXTSHADINGN-W0_EXTSHADINGS-E1_Perspective.png
0.3,0.3,g45,g33,0,1,78.744,227.809293,180.768229,96.804522,87.59202,WWRN-W0.3_WWRS-E0.3_SHGCN-Wg45_SHGCS-Eg33_EXTSHADINGN-W0_EXTSHADINGS-E1_Perspective.png
0.4,0.3,g45,g33,0,1,79.308,242.362829,183.831474,96.770058,94.983628,WWRN-W0.4_WWRS-E0.3_SHGCN-Wg45_SHGCS-Eg33_EXTSHADINGN-W0_EXTSHADINGS-E1_Perspective.png
0.5,0.3,g45,g33,0,1,79.897,257.371739,186.848292,96.721809,94.999377,WWRN-W0.5_WWRS-E0.3_SHGCN-Wg45_SHGCS-Eg33_EXTSHADINGN-W0_EXTSHADINGS-E1_Perspective.png
0.3,0.4,g45,g33,0,1,79.116,233.982078,184.299351,96.778329,89.61325,WWRN-W0.3_WWRS-E0.4_SHGCN-Wg45_SHGCS-Eg33_EXTSHADINGN-W0_EXTSHADINGS-E1_Perspective.png
0.4,0.4,g45,g33,0,1,79.683,248.570654,187.360775,96.741108,97.229772,WWRN-W0.4_WWRS-E0.4_SHGCN-Wg45_SHGCS-Eg33_EXTSHADINGN-W0_EXTSHADINGS-E1_Perspective.png
0.5,0.4,g45,g33,0,1,80.275,263.478181,190.337333,96.694238,97.094458,WWRN-W0.5_WWRS-E0.4_SHGCN-Wg45_SHGCS-Eg33_EXTSHADINGN-W0_EXTSHADINGS-E1_Perspective.png
0.3,0.5,g45,g33,0,1,79.498,239.922175,187.707564,96.745244,89.546788,WWRN-W0.3_WWRS-E0.5_SHGCN-Wg45_SHGCS-Eg33_EXTSHADINGN-W0_EXTSHADINGS-E1_Perspective.png
0.4,0.5,g45,g33,0,1,80.067,254.584137,190.726015,96.708023,97.155026,WWRN-W0.4_WWRS-E0.5_SHGCN-Wg45_SHGCS-Eg33_EXTSHADINGN-W0_EXTSHADINGS-E1_Perspective.png
0.5,0.5,g45,g33,0,1,80.661,269.739173,193.719772,96.668045,97.202323,WWRN-W0.5_WWRS-E0.5_SHGCN-Wg45_SHGCS-Eg33_EXTSHADINGN-W0_EXTSHADINGS-E1_Perspective.png
0.3,0.3,g55,g33,0,1,78.54,214.22122,180.768229,96.866556,87.59202,WWRN-W0.3_WWRS-E0.3_SHGCN-Wg55_SHGCS-Eg33_EXTSHADINGN-W0_EXTSHADINGS-E1_Perspective.png
0.4,0.3,g55,g33,0,1,79.029,225.582971,183.831474,96.833471,94.983628,WWRN-W0.4_WWRS-E0.3_SHGCN-Wg55_SHGCS-Eg33_EXTSHADINGN-W0_EXTSHADINGS-E1_Perspective.png
0.5,0.3,g55,g33,0,1,79.532,236.714636,186.848292,96.807279,94.999377,WWRN-W0.5_WWRS-E0.3_SHGCN-Wg55_SHGCS-Eg33_EXTSHADINGN-W0_EXTSHADINGS-E1_Perspective.png
0.3,0.4,g55,g33,0,1,78.902,219.452828,184.299351,96.810036,89.61325,WWRN-W0.3_WWRS-E0.4_SHGCN-Wg55_SHGCS-Eg33_EXTSHADINGN-W0_EXTSHADINGS-E1_Perspective.png
0.4,0.4,g55,g33,0,1,79.392,230.599913,187.360775,96.79625,97.229772,WWRN-W0.4_WWRS-E0.4_SHGCN-Wg55_SHGCS-Eg33_EXTSHADINGN-W0_EXTSHADINGS-E1_Perspective.png
0.5,0.4,g55,g33,0,1,79.897,241.894611,190.337333,96.760408,97.094458,WWRN-W0.5_WWRS-E0.4_SHGCN-Wg55_SHGCS-Eg33_EXTSHADINGN-W0_EXTSHADINGS-E1_Perspective.png
0.3,0.5,g55,g33,0,1,79.27,224.563801,187.707564,96.79625,89.546788,WWRN-W0.3_WWRS-E0.5_SHGCN-Wg55_SHGCS-Eg33_EXTSHADINGN-W0_EXTSHADINGS-E1_Perspective.png
0.4,0.5,g55,g33,0,1,79.762,235.581699,190.726015,96.770058,97.155026,WWRN-W0.4_WWRS-E0.5_SHGCN-Wg55_SHGCS-Eg33_EXTSHADINGN-W0_EXTSHADINGS-E1_Perspective.png
0.5,0.5,g55,g33,0,1,80.269,246.743734,193.719772,96.736973,97.202323,WWRN-W0.5_WWRS-E0.5_SHGCN-Wg55_SHGCS-Eg33_EXTSHADINGN-W0_EXTSHADINGS-E1_Perspective.png
0.3,0.3,g33,g45,0,1,78.868,232.964951,180.768229,96.816929,87.59202,WWRN-W0.3_WWRS-E0.3_SHGCN-Wg33_SHGCS-Eg45_EXTSHADINGN-W0_EXTSHADINGS-E1_Perspective.png
0.4,0.3,g33,g45,0,1,79.467,248.987728,183.831474,96.787979,94.983628,WWRN-W0.4_WWRS-E0.3_SHGCN-Wg33_SHGCS-Eg45_EXTSHADINGN-W0_EXTSHADINGS-E1_Perspective.png
0.5,0.3,g33,g45,0,1,80.089,265.596678,186.848292,96.757651,94.999377,WWRN-W0.5_WWRS-E0.3_SHGCN-Wg33_SHGCS-Eg45_EXTSHADINGN-W0_EXTSHADINGS-E1_Perspective.png
0.3,0.4,g33,g45,0,1,79.248,238.725044,184.299351,96.785222,89.61325,WWRN-W0.3_WWRS-E0.4_SHGCN-Wg33_SHGCS-Eg45_EXTSHADINGN-W0_EXTSHADINGS-E1_Perspective.png
0.4,0.4,g33,g45,0,1,79.848,255.10062,187.360775,96.745244,97.229772,WWRN-W0.4_WWRS-E0.4_SHGCN-Wg33_SHGCS-Eg45_EXTSHADINGN-W0_EXTSHADINGS-E1_Perspective.png
0.5,0.4,g33,g45,0,1,80.473,271.836681,190.337333,96.703888,97.094458,WWRN-W0.5_WWRS-E0.4_SHGCN-Wg33_SHGCS-Eg45_EXTSHADINGN-W0_EXTSHADINGS-E1_Perspective.png
0.3,0.5,g33,g45,0,1,79.635,244.986741,187.707564,96.757651,89.546788,WWRN-W0.3_WWRS-E0.5_SHGCN-Wg33_SHGCS-Eg45_EXTSHADINGN-W0_EXTSHADINGS-E1_Perspective.png
0.4,0.5,g33,g45,0,1,80.237,261.319828,190.726015,96.735594,97.155026,WWRN-W0.4_WWRS-E0.5_SHGCN-Wg33_SHGCS-Eg45_EXTSHADINGN-W0_EXTSHADINGS-E1_Perspective.png
0.5,0.5,g33,g45,0,1,80.863,278.120807,193.719772,96.692859,97.202323,WWRN-W0.5_WWRS-E0.5_SHGCN-Wg33_SHGCS-Eg45_EXTSHADINGN-W0_EXTSHADINGS-E1_Perspective.png
0.3,0.3,g45,g45,0,1,78.769,226.333938,180.768229,96.841742,87.59202,WWRN-W0.3_WWRS-E0.3_SHGCN-Wg45_SHGCS-Eg45_EXTSHADINGN-W0_EXTSHADINGS-E1_Perspective.png
0.4,0.3,g45,g45,0,1,79.333,240.859345,183.831474,96.797629,94.983628,WWRN-W0.4_WWRS-E0.3_SHGCN-Wg45_SHGCS-Eg45_EXTSHADINGN-W0_EXTSHADINGS-E1_Perspective.png
0.5,0.3,g45,g45,0,1,79.92,255.677073,186.848292,96.781086,94.999377,WWRN-W0.5_WWRS-E0.3_SHGCN-Wg45_SHGCS-Eg45_EXTSHADINGN-W0_EXTSHADINGS-E1_Perspective.png
0.3,0.4,g45,g45,0,1,79.143,232.302414,184.299351,96.810036,89.61325,WWRN-W0.3_WWRS-E0.4_SHGCN-Wg45_SHGCS-Eg45_EXTSHADINGN-W0_EXTSHADINGS-E1_Perspective.png
0.4,0.4,g45,g45,0,1,79.709,246.66616,187.360775,96.770058,97.229772,WWRN-W0.4_WWRS-E0.4_SHGCN-Wg45_SHGCS-Eg45_EXTSHADINGN-W0_EXTSHADINGS-E1_Perspective.png
0.5,0.4,g45,g45,0,1,80.298,261.463039,190.337333,96.742487,97.094458,WWRN-W0.5_WWRS-E0.4_SHGCN-Wg45_SHGCS-Eg45_EXTSHADINGN-W0_EXTSHADINGS-E1_Perspective.png
0.3,0.5,g45,g45,0,1,79.524,237.930536,187.707564,96.781086,89.546788,WWRN-W0.3_WWRS-E0.5_SHGCN-Wg45_SHGCS-Eg45_EXTSHADINGN-W0_EXTSHADINGS-E1_Perspective.png
0.4,0.5,g45,g45,0,1,80.092,252.523576,190.726015,96.735594,97.155026,WWRN-W0.4_WWRS-E0.5_SHGCN-Wg45_SHGCS-Eg45_EXTSHADINGN-W0_EXTSHADINGS-E1_Perspective.png
0.5,0.5,g45,g45,0,1,80.682,267.336722,193.719772,96.716294,97.202323,WWRN-W0.5_WWRS-E0.5_SHGCN-Wg45_SHGCS-Eg45_EXTSHADINGN-W0_EXTSHADINGS-E1_Perspective.png
0.3,0.3,g55,g45,0,1,78.567,212.841065,180.768229,96.89137,87.59202,WWRN-W0.3_WWRS-E0.3_SHGCN-Wg55_SHGCS-Eg45_EXTSHADINGN-W0_EXTSHADINGS-E1_Perspective.png
0.4,0.3,g55,g45,0,1,79.056,223.976821,183.831474,96.858285,94.983628,WWRN-W0.4_WWRS-E0.3_SHGCN-Wg55_SHGCS-Eg45_EXTSHADINGN-W0_EXTSHADINGS-E1_Perspective.png
0.5,0.3,g55,g45,0,1,79.559,235.082838,186.848292,96.833471,94.999377,WWRN-W0.5_WWRS-E0.3_SHGCN-Wg55_SHGCS-Eg45_EXTSHADINGN-W0_EXTSHADINGS-E1_Perspective.png
0.3,0.4,g55,g45,0,1,78.931,217.598168,184.299351,96.859664,89.61325,WWRN-W0.3_WWRS-E0.4_SHGCN-Wg55_SHGCS-Eg45_EXTSHADINGN-W0_EXTSHADINGS-E1_Perspective.png
0.4,0.4,g55,g45,0,1,79.422,228.879745,187.360775,96.8252,97.229772,WWRN-W0.4_WWRS-E0.4_SHGCN-Wg55_SHGCS-Eg45_EXTSHADINGN-W0_EXTSHADINGS-E1_Perspective.png
0.5,0.4,g55,g45,0,1,79.926,239.819867,190.337333,96.8059,97.094458,WWRN-W0.5_WWRS-E0.4_SHGCN-Wg55_SHGCS-Eg45_EXTSHADINGN-W0_EXTSHADINGS-E1_Perspective.png
0.3,0.5,g55,g45,0,1,79.3,222.497022,187.707564,96.8252,89.546788,WWRN-W0.3_WWRS-E0.5_SHGCN-Wg55_SHGCS-Eg45_EXTSHADINGN-W0_EXTSHADINGS-E1_Perspective.png
0.4,0.5,g55,g45,0,1,79.792,233.433012,190.726015,96.79625,97.155026,WWRN-W0.4_WWRS-E0.5_SHGCN-Wg55_SHGCS-Eg45_EXTSHADINGN-W0_EXTSHADINGS-E1_Perspective.png
0.5,0.5,g55,g45,0,1,80.297,244.663397,193.719772,96.772815,97.202323,WWRN-W0.5_WWRS-E0.5_SHGCN-Wg55_SHGCS-Eg45_EXTSHADINGN-W0_EXTSHADINGS-E1_Perspective.png
0.3,0.3,g33,g25,1,1,77.708,193.151832,180.768229,96.764544,87.59202,WWRN-W0.3_WWRS-E0.3_SHGCN-Wg33_SHGCS-Eg25_EXTSHADINGN-W1_EXTSHADINGS-E1_Perspective.png
0.4,0.3,g33,g25,1,1,77.987,195.979759,183.831474,96.731459,94.983628,WWRN-W0.4_WWRS-E0.3_SHGCN-Wg33_SHGCS-Eg25_EXTSHADINGN-W1_EXTSHADINGS-E1_Perspective.png
0.5,0.3,g33,g25,1,1,78.273,200.172585,186.848292,96.691481,94.999377,WWRN-W0.5_WWRS-E0.3_SHGCN-Wg33_SHGCS-Eg25_EXTSHADINGN-W1_EXTSHADINGS-E1_Perspective.png
0.3,0.4,g33,g25,1,1,78.049,196.40579,184.299351,96.73008,89.61325,WWRN-W0.3_WWRS-E0.4_SHGCN-Wg33_SHGCS-Eg25_EXTSHADINGN-W1_EXTSHADINGS-E1_Perspective.png
0.4,0.4,g33,g25,1,1,78.331,199.393915,187.360775,96.698373,97.229772,WWRN-W0.4_WWRS-E0.4_SHGCN-Wg33_SHGCS-Eg25_EXTSHADINGN-W1_EXTSHADINGS-E1_Perspective.png
0.5,0.4,g33,g25,1,1,78.612,203.419658,190.337333,96.658395,97.094458,WWRN-W0.5_WWRS-E0.4_SHGCN-Wg33_SHGCS-Eg25_EXTSHADINGN-W1_EXTSHADINGS-E1_Perspective.png
0.3,0.5,g33,g25,1,1,78.389,199.921545,187.707564,96.708023,89.546788,WWRN-W0.3_WWRS-E0.5_SHGCN-Wg33_SHGCS-Eg25_EXTSHADINGN-W1_EXTSHADINGS-E1_Perspective.png
0.4,0.5,g33,g25,1,1,78.672,202.945801,190.726015,96.666667,97.155026,WWRN-W0.4_WWRS-E0.5_SHGCN-Wg33_SHGCS-Eg25_EXTSHADINGN-W1_EXTSHADINGS-E1_Perspective.png
0.5,0.5,g33,g25,1,1,78.954,207.018191,193.719772,96.633581,97.202323,WWRN-W0.5_WWRS-E0.5_SHGCN-Wg33_SHGCS-Eg25_EXTSHADINGN-W1_EXTSHADINGS-E1_Perspective.png
0.3,0.3,g45,g25,1,1,77.724,192.3768,180.768229,96.794872,87.59202,WWRN-W0.3_WWRS-E0.3_SHGCN-Wg45_SHGCS-Eg25_EXTSHADINGN-W1_EXTSHADINGS-E1_Perspective.png
0.4,0.3,g45,g25,1,1,78.003,194.859041,183.831474,96.750758,94.983628,WWRN-W0.4_WWRS-E0.3_SHGCN-Wg45_SHGCS-Eg25_EXTSHADINGN-W1_EXTSHADINGS-E1_Perspective.png
0.5,0.3,g45,g25,1,1,78.292,198.370684,186.848292,96.708023,94.999377,WWRN-W0.5_WWRS-E0.3_SHGCN-Wg45_SHGCS-Eg25_EXTSHADINGN-W1_EXTSHADINGS-E1_Perspective.png
0.3,0.4,g45,g25,1,1,78.062,195.545935,184.299351,96.75903,89.61325,WWRN-W0.3_WWRS-E0.4_SHGCN-Wg45_SHGCS-Eg25_EXTSHADINGN-W1_EXTSHADINGS-E1_Perspective.png
0.4,0.4,g45,g25,1,1,78.342,198.182469,187.360775,96.72043,97.229772,WWRN-W0.4_WWRS-E0.4_SHGCN-Wg45_SHGCS-Eg25_EXTSHADINGN-W1_EXTSHADINGS-E1_Perspective.png
0.5,0.4,g45,g25,1,1,78.626,201.689416,190.337333,96.683209,97.094458,WWRN-W0.5_WWRS-E0.4_SHGCN-Wg45_SHGCS-Eg25_EXTSHADINGN-W1_EXTSHADINGS-E1_Perspective.png
0.3,0.5,g45,g25,1,1,78.402,198.850936,187.707564,96.721809,89.546788,WWRN-W0.3_WWRS-E0.5_SHGCN-Wg45_SHGCS-Eg25_EXTSHADINGN-W1_EXTSHADINGS-E1_Perspective.png
0.4,0.5,g45,g25,1,1,78.685,201.57781,190.726015,96.670802,97.155026,WWRN-W0.4_WWRS-E0.5_SHGCN-Wg45_SHGCS-Eg25_EXTSHADINGN-W1_EXTSHADINGS-E1_Perspective.png
0.5,0.5,g45,g25,1,1,78.968,205.028178,193.719772,96.640474,97.202323,WWRN-W0.5_WWRS-E0.5_SHGCN-Wg45_SHGCS-Eg25_EXTSHADINGN-W1_EXTSHADINGS-E1_Perspective.png
0.3,0.3,g55,g25,1,1,77.751,190.661193,180.768229,96.854149,87.59202,WWRN-W0.3_WWRS-E0.3_SHGCN-Wg55_SHGCS-Eg25_EXTSHADINGN-W1_EXTSHADINGS-E1_Perspective.png
0.4,0.3,g55,g25,1,1,78.037,192.599285,183.831474,96.81555,94.983628,WWRN-W0.4_WWRS-E0.3_SHGCN-Wg55_SHGCS-Eg25_EXTSHADINGN-W1_EXTSHADINGS-E1_Perspective.png
0.5,0.3,g55,g25,1,1,78.327,194.769538,186.848292,96.771436,94.999377,WWRN-W0.5_WWRS-E0.3_SHGCN-Wg55_SHGCS-Eg25_EXTSHADINGN-W1_EXTSHADINGS-E1_Perspective.png
0.3,0.4,g55,g25,1,1,78.083,193.731908,184.299351,96.819686,89.61325,WWRN-W0.3_WWRS-E0.4_SHGCN-Wg55_SHGCS-Eg25_EXTSHADINGN-W1_EXTSHADINGS-E1_Perspective.png
0.4,0.4,g55,g25,1,1,78.369,195.576188,187.360775,96.775572,97.229772,WWRN-W0.4_WWRS-E0.4_SHGCN-Wg55_SHGCS-Eg25_EXTSHADINGN-W1_EXTSHADINGS-E1_Perspective.png
0.5,0.4,g55,g25,1,1,78.656,197.918772,190.337333,96.73008,97.094458,WWRN-W0.5_WWRS-E0.4_SHGCN-Wg55_SHGCS-Eg25_EXTSHADINGN-W1_EXTSHADINGS-E1_Perspective.png
0.3,0.5,g55,g25,1,1,78.419,196.769638,187.707564,96.770058,89.546788,WWRN-W0.3_WWRS-E0.5_SHGCN-Wg55_SHGCS-Eg25_EXTSHADINGN-W1_EXTSHADINGS-E1_Perspective.png
0.4,0.5,g55,g25,1,1,78.706,198.583216,190.726015,96.734216,97.155026,WWRN-W0.4_WWRS-E0.5_SHGCN-Wg55_SHGCS-Eg25_EXTSHADINGN-W1_EXTSHADINGS-E1_Perspective.png
0.5,0.5,g55,g25,1,1,78.994,201.060315,193.719772,96.70113,97.202323,WWRN-W0.5_WWRS-E0.5_SHGCN-Wg55_SHGCS-Eg25_EXTSHADINGN-W1_EXTSHADINGS-E1_Perspective.png
0.3,0.3,g33,g33,1,1,77.737,191.156391,180.768229,96.801765,87.59202,WWRN-W0.3_WWRS-E0.3_SHGCN-Wg33_SHGCS-Eg33_EXTSHADINGN-W1_EXTSHADINGS-E1_Perspective.png
0.4,0.3,g33,g33,1,1,78.017,193.829442,183.831474,96.774194,94.983628,WWRN-W0.4_WWRS-E0.3_SHGCN-Wg33_SHGCS-Eg33_EXTSHADINGN-W1_EXTSHADINGS-E1_Perspective.png
0.5,0.3,g33,g33,1,1,78.297,197.465886,186.848292,96.73008,94.999377,WWRN-W0.5_WWRS-E0.3_SHGCN-Wg33_SHGCS-Eg33_EXTSHADINGN-W1_EXTSHADINGS-E1_Perspective.png
0.3,0.4,g33,g33,1,1,78.067,193.868362,184.299351,96.765922,89.61325,WWRN-W0.3_WWRS-E0.4_SHGCN-Wg33_SHGCS-Eg33_EXTSHADINGN-W1_EXTSHADINGS-E1_Perspective.png
0.4,0.4,g33,g33,1,1,78.348,196.557641,187.360775,96.734216,97.229772,WWRN-W0.4_WWRS-E0.4_SHGCN-Wg33_SHGCS-Eg33_EXTSHADINGN-W1_EXTSHADINGS-E1_Perspective.png
0.5,0.4,g33,g33,1,1,78.629,200.309557,190.337333,96.695616,97.094458,WWRN-W0.5_WWRS-E0.4_SHGCN-Wg33_SHGCS-Eg33_EXTSHADINGN-W1_EXTSHADINGS-E1_Perspective.png
0.3,0.5,g33,g33,1,1,78.401,196.780015,187.707564,96.742487,89.546788,WWRN-W0.3_WWRS-E0.5_SHGCN-Wg33_SHGCS-Eg33_EXTSHADINGN-W1_EXTSHADINGS-E1_Perspective.png
0.4,0.5,g33,g33,1,1,78.684,199.62225,190.726015,96.712159,97.155026,WWRN-W0.4_WWRS-E0.5_SHGCN-Wg33_SHGCS-Eg33_EXTSHADINGN-W1_EXTSHADINGS-E1_Perspective.png
0.5,0.5,g33,g33,1,1,78.964,203.239574,193.719772,96.676317,97.202323,WWRN-W0.5_WWRS-E0.5_SHGCN-Wg33_SHGCS-Eg33_EXTSHADINGN-W1_EXTSHADINGS-E1_Perspective.png
0.3,0.3,g45,g33,1,1,77.755,190.643984,180.768229,96.8445,87.59202,WWRN-W0.3_WWRS-E0.3_SHGCN-Wg45_SHGCS-Eg33_EXTSHADINGN-W1_EXTSHADINGS-E1_Perspective.png
0.4,0.3,g45,g33,1,1,78.034,192.70165,183.831474,96.797629,94.983628,WWRN-W0.4_WWRS-E0.3_SHGCN-Wg45_SHGCS-Eg33_EXTSHADINGN-W1_EXTSHADINGS-E1_Perspective.png
0.5,0.3,g45,g33,1,1,78.318,195.745331,186.848292,96.770058,94.999377,WWRN-W0.5_WWRS-E0.3_SHGCN-Wg45_SHGCS-Eg33_EXTSHADINGN-W1_EXTSHADINGS-E1_Perspective.png
0.3,0.4,g45,g33,1,1,78.082,193.009908,184.299351,96.7866,89.61325,WWRN-W0.3_WWRS-E0.4_SHGCN-Wg45_SHGCS-Eg33_EXTSHADINGN-W1_EXTSHADINGS-E1_Perspective.png
0.4,0.4,g45,g33,1,1,78.363,195.343869,187.360775,96.756272,97.229772,WWRN-W0.4_WWRS-E0.4_SHGCN-Wg45_SHGCS-Eg33_EXTSHADINGN-W1_EXTSHADINGS-E1_Perspective.png
0.5,0.4,g45,g33,1,1,78.647,198.576871,190.337333,96.732837,97.094458,WWRN-W0.5_WWRS-E0.4_SHGCN-Wg45_SHGCS-Eg33_EXTSHADINGN-W1_EXTSHADINGS-E1_Perspective.png
0.3,0.5,g45,g33,1,1,78.417,195.69614,187.707564,96.763165,89.546788,WWRN-W0.3_WWRS-E0.5_SHGCN-Wg45_SHGCS-Eg33_EXTSHADINGN-W1_EXTSHADINGS-E1_Perspective.png
0.4,0.5,g45,g33,1,1,78.699,198.195224,190.726015,96.725944,97.155026,WWRN-W0.4_WWRS-E0.5_SHGCN-Wg45_SHGCS-Eg33_EXTSHADINGN-W1_EXTSHADINGS-E1_Perspective.png
0.5,0.5,g45,g33,1,1,78.982,201.254332,193.719772,96.691481,97.202323,WWRN-W0.5_WWRS-E0.5_SHGCN-Wg45_SHGCS-Eg33_EXTSHADINGN-W1_EXTSHADINGS-E1_Perspective.png
0.3,0.3,g55,g33,1,1,77.785,188.532722,180.768229,96.905156,87.59202,WWRN-W0.3_WWRS-E0.3_SHGCN-Wg55_SHGCS-Eg33_EXTSHADINGN-W1_EXTSHADINGS-E1_Perspective.png
0.4,0.3,g55,g33,1,1,78.073,190.389129,183.831474,96.854149,94.983628,WWRN-W0.4_WWRS-E0.3_SHGCN-Wg55_SHGCS-Eg33_EXTSHADINGN-W1_EXTSHADINGS-E1_Perspective.png
0.5,0.3,g55,g33,1,1,78.361,192.172477,186.848292,96.832093,94.999377,WWRN-W0.5_WWRS-E0.3_SHGCN-Wg55_SHGCS-Eg33_EXTSHADINGN-W1_EXTSHADINGS-E1_Perspective.png
0.3,0.4,g55,g33,1,1,78.108,191.098054,184.299351,96.852771,89.61325,WWRN-W0.3_WWRS-E0.4_SHGCN-Wg55_SHGCS-Eg33_EXTSHADINGN-W1_EXTSHADINGS-E1_Perspective.png
0.4,0.4,g55,g33,1,1,78.396,192.822211,187.360775,96.811414,97.229772,WWRN-W0.4_WWRS-E0.4_SHGCN-Wg55_SHGCS-Eg33_EXTSHADINGN-W1_EXTSHADINGS-E1_Perspective.png
0.5,0.4,g55,g33,1,1,78.686,194.620967,190.337333,96.779708,97.094458,WWRN-W0.5_WWRS-E0.4_SHGCN-Wg55_SHGCS-Eg33_EXTSHADINGN-W1_EXTSHADINGS-E1_Perspective.png
0.3,0.5,g55,g33,1,1,78.438,193.639854,187.707564,96.819686,89.546788,WWRN-W0.3_WWRS-E0.5_SHGCN-Wg55_SHGCS-Eg33_EXTSHADINGN-W1_EXTSHADINGS-E1_Perspective.png
0.4,0.5,g55,g33,1,1,78.727,195.269814,190.726015,96.778329,97.155026,WWRN-W0.4_WWRS-E0.5_SHGCN-Wg55_SHGCS-Eg33_EXTSHADINGN-W1_EXTSHADINGS-E1_Perspective.png
0.5,0.5,g55,g33,1,1,79.016,197.223627,193.719772,96.74938,97.202323,WWRN-W0.5_WWRS-E0.5_SHGCN-Wg55_SHGCS-Eg33_EXTSHADINGN-W1_EXTSHADINGS-E1_Perspective.png
0.3,0.3,g33,g45,1,1,77.765,189.768502,180.768229,96.826578,87.59202,WWRN-W0.3_WWRS-E0.3_SHGCN-Wg33_SHGCS-Eg45_EXTSHADINGN-W1_EXTSHADINGS-E1_Perspective.png
0.4,0.3,g33,g45,1,1,78.046,192.326023,183.831474,96.79625,94.983628,WWRN-W0.4_WWRS-E0.3_SHGCN-Wg33_SHGCS-Eg45_EXTSHADINGN-W1_EXTSHADINGS-E1_Perspective.png
0.5,0.3,g33,g45,1,1,78.325,195.818606,186.848292,96.761787,94.999377,WWRN-W0.5_WWRS-E0.3_SHGCN-Wg33_SHGCS-Eg45_EXTSHADINGN-W1_EXTSHADINGS-E1_Perspective.png
0.3,0.4,g33,g45,1,1,78.096,192.151635,184.299351,96.800386,89.61325,WWRN-W0.3_WWRS-E0.4_SHGCN-Wg33_SHGCS-Eg45_EXTSHADINGN-W1_EXTSHADINGS-E1_Perspective.png
0.4,0.4,g33,g45,1,1,78.377,194.701096,187.360775,96.771436,97.229772,WWRN-W0.4_WWRS-E0.4_SHGCN-Wg33_SHGCS-Eg45_EXTSHADINGN-W1_EXTSHADINGS-E1_Perspective.png
0.5,0.4,g33,g45,1,1,78.658,198.194765,190.337333,96.72043,97.094458,WWRN-W0.5_WWRS-E0.4_SHGCN-Wg33_SHGCS-Eg45_EXTSHADINGN-W1_EXTSHADINGS-E1_Perspective.png
0.3,0.5,g33,g45,1,1,78.431,194.691855,187.707564,96.768679,89.546788,WWRN-W0.3_WWRS-E0.5_SHGCN-Wg33_SHGCS-Eg45_EXTSHADINGN-W1_EXTSHADINGS-E1_Perspective.png
0.4,0.5,g33,g45,1,1,78.714,197.2668,190.726015,96.73973,97.155026,WWRN-W0.4_WWRS-E0.5_SHGCN-Wg33_SHGCS-Eg45_EXTSHADINGN-W1_EXTSHADINGS-E1_Perspective.png
0.5,0.5,g33,g45,1,1,78.995,200.891302,193.719772,96.698373,97.202323,WWRN-W0.5_WWRS-E0.5_SHGCN-Wg33_SHGCS-Eg45_EXTSHADINGN-W1_EXTSHADINGS-E1_Perspective.png
0.3,0.3,g45,g45,1,1,77.784,189.150915,180.768229,96.856907,87.59202,WWRN-W0.3_WWRS-E0.3_SHGCN-Wg45_SHGCS-Eg45_EXTSHADINGN-W1_EXTSHADINGS-E1_Perspective.png
0.4,0.3,g45,g45,1,1,78.064,191.198307,183.831474,96.818307,94.983628,WWRN-W0.4_WWRS-E0.3_SHGCN-Wg45_SHGCS-Eg45_EXTSHADINGN-W1_EXTSHADINGS-E1_Perspective.png
0.5,0.3,g45,g45,1,1,78.348,194.161234,186.848292,96.792115,94.999377,WWRN-W0.5_WWRS-E0.3_SHGCN-Wg45_SHGCS-Eg45_EXTSHADINGN-W1_EXTSHADINGS-E1_Perspective.png
0.3,0.4,g45,g45,1,1,78.112,191.294007,184.299351,96.826578,89.61325,WWRN-W0.3_WWRS-E0.4_SHGCN-Wg45_SHGCS-Eg45_EXTSHADINGN-W1_EXTSHADINGS-E1_Perspective.png
0.4,0.4,g45,g45,1,1,78.394,193.489849,187.360775,96.7866,97.229772,WWRN-W0.4_WWRS-E0.4_SHGCN-Wg45_SHGCS-Eg45_EXTSHADINGN-W1_EXTSHADINGS-E1_Perspective.png
0.5,0.4,g45,g45,1,1,78.678,196.46606,190.337333,96.767301,97.094458,WWRN-W0.5_WWRS-E0.4_SHGCN-Wg45_SHGCS-Eg45_EXTSHADINGN-W1_EXTSHADINGS-E1_Perspective.png
0.3,0.5,g45,g45,1,1,78.449,193.61096,187.707564,96.793493,89.546788,WWRN-W0.3_WWRS-E0.5_SHGCN-Wg45_SHGCS-Eg45_EXTSHADINGN-W1_EXTSHADINGS-E1_Perspective.png
0.4,0.5,g45,g45,1,1,78.732,195.820577,190.726015,96.757651,97.155026,WWRN-W0.4_WWRS-E0.5_SHGCN-Wg45_SHGCS-Eg45_EXTSHADINGN-W1_EXTSHADINGS-E1_Perspective.png
0.5,0.5,g45,g45,1,1,79.015,198.965674,193.719772,96.725944,97.202323,WWRN-W0.5_WWRS-E0.5_SHGCN-Wg45_SHGCS-Eg45_EXTSHADINGN-W1_EXTSHADINGS-E1_Perspective.png
0.3,0.3,g55,g45,1,1,77.817,186.964993,180.768229,96.912049,87.59202,WWRN-W0.3_WWRS-E0.3_SHGCN-Wg55_SHGCS-Eg45_EXTSHADINGN-W1_EXTSHADINGS-E1_Perspective.png
0.4,0.3,g55,g45,1,1,78.105,189.106508,183.831474,96.872071,94.983628,WWRN-W0.4_WWRS-E0.3_SHGCN-Wg55_SHGCS-Eg45_EXTSHADINGN-W1_EXTSHADINGS-E1_Perspective.png
0.5,0.3,g55,g45,1,1,78.394,190.591535,186.848292,96.8445,94.999377,WWRN-W0.5_WWRS-E0.3_SHGCN-Wg55_SHGCS-Eg45_EXTSHADINGN-W1_EXTSHADINGS-E1_Perspective.png
0.3,0.4,g55,g45,1,1,78.142,189.25366,184.299351,96.892749,89.61325,WWRN-W0.3_WWRS-E0.4_SHGCN-Wg55_SHGCS-Eg45_EXTSHADINGN-W1_EXTSHADINGS-E1_Perspective.png
0.4,0.4,g55,g45,1,1,78.43,190.974284,187.360775,96.848635,97.229772,WWRN-W0.4_WWRS-E0.4_SHGCN-Wg55_SHGCS-Eg45_EXTSHADINGN-W1_EXTSHADINGS-E1_Perspective.png
0.5,0.4,g55,g45,1,1,78.721,192.688787,190.337333,96.8252,97.094458,WWRN-W0.5_WWRS-E0.4_SHGCN-Wg55_SHGCS-Eg45_EXTSHADINGN-W1_EXTSHADINGS-E1_Perspective.png
0.3,0.5,g55,g45,1,1,78.473,191.456991,187.707564,96.847257,89.546788,WWRN-W0.3_WWRS-E0.5_SHGCN-Wg55_SHGCS-Eg45_EXTSHADINGN-W1_EXTSHADINGS-E1_Perspective.png
0.4,0.5,g55,g45,1,1,78.763,193.052192,190.726015,96.804522,97.155026,WWRN-W0.4_WWRS-E0.5_SHGCN-Wg55_SHGCS-Eg45_EXTSHADINGN-W1_EXTSHADINGS-E1_Perspective.png
0.5,0.5,g55,g45,1,1,79.054,194.776398,193.719772,96.776951,97.202323,WWRN-W0.5_WWRS-E0.5_SHGCN-Wg55_SHGCS-Eg45_EXTSHADINGN-W1_EXTSHADINGS-E1_Perspective.png
